{
    "loss": 0.7074883580207825,
    "accuracy": 0.931034505367279
}